canonical_name,synonym,note
Vitamin D3,cholecalciferol,Chemical name for D3; the form in most supplements
Vitamin D3,vitamin d,Labels often omit the form
Vitamin D3,ergocalciferol,D2 form; shares the vitamin D upper limit
Vitamin B6,pyridoxine,Chemical name
Vitamin B6,pyridoxine hydrochloride,Salt form on labels
Vitamin B6,pyridoxal 5 phosphate,Activated form
Vitamin A,retinol,Preformed vitamin A
Vitamin A,retinyl palmitate,Ester form on labels
Vitamin E,alpha tocopherol,The form the upper limit applies to
Vitamin E,d alpha tocopherol,Natural isomer
Vitamin E,tocopherol,Generic label form
Niacin,nicotinic acid,Chemical name
Niacin,niacinamide,Amide form
Niacin,nicotinamide,Amide form
Folate,folic acid,Synthetic supplemental form
Folate,methylfolate,Activated form
Folate,l methylfolate,Activated form
Iron,ferrous sulfate,Common supplement salt
Iron,ferrous gluconate,Common supplement salt
Iron,ferrous fumarate,Common supplement salt
Iron,ferrous bisglycinate,Chelated form
Iron,iron bisglycinate,Chelated form
Zinc,zinc gluconate,Common supplement salt
Zinc,zinc sulfate,Common supplement salt
Magnesium,magnesium oxide,Common supplement salt
Magnesium,magnesium hydroxide,Antacid form
Magnesium,magnesium sulfate,Salt form
Calcium,calcium carbonate,Most common supplement and antacid form
Calcium,calcium citrate,Common supplement salt
Calcium,calcium acetate,Phosphate binder form
Selenium,selenomethionine,Organic form in supplements
Iodine,potassium iodide,Common supplement salt
Copper,copper gluconate,Common supplement salt
Choline,choline bitartrate,Common supplement salt
Choline,citicoline,Choline donor
