normalized_name,kind,note
biotin,NUTRIENT,B7
vitamin k,NUTRIENT,Phylloquinone; the warfarin antagonist
phytonadione,NUTRIENT,Vitamin K1 chemical name
menaquinone,NUTRIENT,Vitamin K2
ascorbic acid,NUTRIENT,Vitamin C
vitamin c,NUTRIENT,
cyanocobalamin,NUTRIENT,B12
vitamin b12,NUTRIENT,
thiamine,NUTRIENT,B1
riboflavin,NUTRIENT,B2
pantothenic acid,NUTRIENT,B5
potassium,NUTRIENT,
phosphorus,NUTRIENT,
chromium,NUTRIENT,
molybdenum,NUTRIENT,
creatine,NUTRIENT,
l carnitine,NUTRIENT,
carnitine,NUTRIENT,
coenzyme q10,NUTRIENT,CoQ10; statin-depleted
melatonin,NUTRIENT,
glucosamine,NUTRIENT,
chondroitin,NUTRIENT,
omega 3 fatty acids,NUTRIENT,Fish oil
fish oil,NUTRIENT,
n acetylcysteine,NUTRIENT,NAC
alpha lipoic acid,NUTRIENT,
st john s wort,HERBAL,CYP3A4 inducer; major interactor
ginkgo biloba,HERBAL,Bleeding risk with anticoagulants
ginseng,HERBAL,
garlic,HERBAL,Bleeding risk
echinacea,HERBAL,
valerian,HERBAL,
kava,HERBAL,
milk thistle,HERBAL,
saw palmetto,HERBAL,
turmeric,HERBAL,
curcumin,HERBAL,
ashwagandha,HERBAL,
withania somnifera,HERBAL,Ashwagandha botanical name
green tea,HERBAL,
cranberry,HERBAL,
psyllium,HERBAL,
