canonical_name,kind,aliases,note
Vitamin C,NUTRIENT,ascorbic acid|ascorbate|sodium ascorbate|calcium ascorbate,
Vitamin B12,NUTRIENT,b12|cobalamin|cyanocobalamin|methylcobalamin|hydroxocobalamin|adenosylcobalamin,
Vitamin K,NUTRIENT,vitamin k1|vitamin k2|phytonadione|phylloquinone|menaquinone|menaquinone 7|mk 7,K1 and K2 share the warfarin antagonism
Biotin,NUTRIENT,vitamin b7|d biotin,
Potassium,NUTRIENT,potassium citrate|potassium gluconate,Potassium chloride is deliberately absent: it is also a prescription drug
Chromium,NUTRIENT,chromium picolinate|chromium polynicotinate,
Omega-3 Fatty Acids,NUTRIENT,omega 3|omega 3s|fish oil|omega 3 fish oil|krill oil|algal oil|eicosapentaenoic acid|docosahexaenoic acid,Cod liver oil is deliberately absent: it also carries vitamins A and D
Creatine,NUTRIENT,creatine monohydrate|creatine hcl,
Coenzyme Q10,NUTRIENT,coq10|co-enzyme q10|co-enzyme q 10|coenzyme q 10|ubiquinone|ubiquinol|ubidecarenone,
Melatonin,NUTRIENT,,
L-Carnitine,NUTRIENT,carnitine|levocarnitine|acetyl l carnitine|alcar,Acetyl-L-carnitine grouped with carnitine
N-Acetylcysteine,NUTRIENT,n acetyl cysteine|n acetyl l cysteine|acetylcysteine,
Alpha-Lipoic Acid,NUTRIENT,lipoic acid|thioctic acid|r lipoic acid,The abbreviation ALA is deliberately absent: it also means alpha-linolenic acid
Glucosamine,NUTRIENT,glucosamine hcl,
Chondroitin,NUTRIENT,chondroitin sulfate,
L-Theanine,NUTRIENT,theanine,
5-HTP,NUTRIENT,5 hydroxytryptophan|oxitriptan,
Tryptophan,NUTRIENT,l tryptophan,Absorbs the bootstrap DRUG entity of the same name
Ashwagandha,HERBAL,withania somnifera|ksm 66|ashwagandha ksm 66|sensoril,
Turmeric,HERBAL,curcumin|curcuma longa|turmeric curcumin,Curcumin is the active constituent and carries turmeric's interactions
St. John's Wort,HERBAL,st johns wort|hypericum|hypericum perforatum|St. John's Wort Extract,Absorbs the bootstrap entity
Ginkgo Biloba,HERBAL,ginkgo|Ginkgo Biloba Extract|egb 761,Absorbs the bootstrap entity
Garlic,HERBAL,Garlic Preparation|aged garlic extract|allium sativum|allicin,Absorbs the bootstrap entity
Ginseng,HERBAL,Ginseng Preparation|panax ginseng|korean ginseng|asian ginseng|american ginseng|panax quinquefolius,Siberian ginseng (eleuthero) is deliberately absent: a different plant
Echinacea,HERBAL,Echinacea Preparation|echinacea purpurea,Absorbs the bootstrap entity
Goldenseal,HERBAL,Goldenseal Extract|hydrastis canadensis,Absorbs the bootstrap entity (filed as a drug)
Valerian,HERBAL,valeriana officinalis,
Kava,HERBAL,kava kava|piper methysticum,
Milk Thistle,HERBAL,silymarin|silybum marianum|silibinin|milk thistle seed,
Saw Palmetto,HERBAL,serenoa repens,
Green Tea Extract,HERBAL,green tea|egcg|epigallocatechin gallate|camellia sinensis,
Psyllium,HERBAL,ispaghula,
Berberine,HERBAL,berberine hcl,
Rhodiola,HERBAL,rhodiola rosea|golden root,
Grapefruit Juice,OTHER,grapefruit,Food; absorbs the bootstrap entity filed as a drug
Walnuts,OTHER,walnut|Walnut Allergenic Extract,Food. RxNorm bound the label's walnuts to an allergy immunotherapy extract
Vitamin B1,NUTRIENT,thiamine|thiamin|thiamine mononitrate|benfotiamine,
Vitamin B2,NUTRIENT,riboflavin|riboflavin 5 phosphate,
Vitamin B5,NUTRIENT,pantothenic acid|calcium pantothenate|pantethine,
Molybdenum,NUTRIENT,sodium molybdate|molybdenum glycinate,
Phosphorus,NUTRIENT,phosphate,
Sodium,NUTRIENT,,Listed on most supplement facts panels
Inositol,NUTRIENT,myo inositol,
Glycine,NUTRIENT,,
Piperine,HERBAL,bioperine|black pepper|black pepper extract|piper nigrum,Absorption enhancer; raises blood levels of some drugs
Chamomile,HERBAL,matricaria chamomilla|matricaria recutita|german chamomile,
Licorice Root,HERBAL,licorice|liquorice|glycyrrhiza glabra|glycyrrhizin,Deglycyrrhizinated licorice (DGL) is deliberately absent: glycyrrhizin is what interacts
Aloe Vera,HERBAL,aloe|aloe latex|aloe barbadensis,
Soy Isoflavones,OTHER,soy|soy isoflavone|soy extract,
Black Cohosh,HERBAL,actaea racemosa|cimicifuga racemosa,
Cranberry,HERBAL,cranberry extract|vaccinium macrocarpon,
Flaxseed,HERBAL,flaxseed oil|flax seed|linseed|linum usitatissimum,
Ginger,HERBAL,zingiber officinale|ginger root,
Feverfew,HERBAL,tanacetum parthenium,
Red Yeast Rice,HERBAL,monascus purpureus,Contains monacolin K (lovastatin)
Cinnamon,HERBAL,cassia cinnamon|cinnamomum cassia|ceylon cinnamon,
Dong Quai,HERBAL,angelica sinensis,
Yohimbe,HERBAL,pausinystalia johimbe|yohimbine,
Bitter Orange,HERBAL,citrus aurantium|synephrine,
Hawthorn,HERBAL,crataegus,
Evening Primrose Oil,HERBAL,oenothera biennis,
Fenugreek,HERBAL,trigonella foenum-graecum,
Elderberry,HERBAL,sambucus nigra|elderberry extract,
Lutein,NUTRIENT,,
Collagen,NUTRIENT,collagen peptides|hydrolyzed collagen,
Boron,NUTRIENT,,
